Method,Verified,AvgTime,UpperBound
CROWN,76,0.24128421052631577,115
α-CROWN,79,0.24080379746835442,115
β-CROWN,102,1.2594970588235292,115
GCP-CROWN,109,7.020256880733943,115
BICCOS,111,10.107863963963961,115
Clip-and-Verify,112,10.910460714285714,115
