Method,Verified,AvgTime,UpperBound
CROWN,47,0.21764680851063833,106
α-CROWN,51,0.22296666666666662,106
β-CROWN,84,6.296984523809523,106
GCP-CROWN,94,14.281519148936171,106
BICCOS,96,14.955001041666668,106
Clip-and-Verify,99,13.768356565656562,106
