Method,Verified,AvgTime,UpperBound
CROWN,71,0.23311690140845073,100
α-CROWN,73,0.2301328767123288,100
β-CROWN,89,2.5918876404494386,100
GCP-CROWN,97,7.02600824742268,100
BICCOS,97,7.130554639175259,100
Clip-and-Verify,98,7.876009183673471,100
