Method,Verified,AvgTime,UpperBound
CROWN,43,0.326846511627907,130
α-CROWN,46,0.33444130434782604,130
β-CROWN,94,7.895990425531916,130
GCP-CROWN,97,10.544158762886598,130
BICCOS,97,13.183880412371133,130
Clip-and-Verify,113,18.82566991150442,130
