Method,Verified,AvgTime,UpperBound
CROWN,1,0.1518,29
α-CROWN,3,0.37470000000000003,29
β-CROWN,19,15.373273684210522,29
GCP-CROWN,25,63.538000000000004,29
BICCOS,25,69.34925600000001,29
Clip-and-Verify,28,51.409307142857145,29
